{"meta":{"app":"https://ctjs.rocks/","version":"5.1.0","image":"a0.a62a0d309a.png","format":"RGBA8888","size":{"w":2048,"h":2048},"scale":"1"},"frames":{"Button_06@frame0":{"frame":{"x":1,"y":1,"w":183,"h":190},"rotated":false,"trimmed":false,"spriteSourceSize":{"x":0,"y":0,"w":183,"h":190},"sourceSize":{"w":183,"h":190},"anchor":{"x":0,"y":0},"shape":{"type":"rect","top":0,"bottom":190,"left":0,"right":183}},"Button_23@frame0":{"frame":{"x":1,"y":193,"w":182,"h":190},"rotated":false,"trimmed":false,"spriteSourceSize":{"x":0,"y":0,"w":182,"h":190},"sourceSize":{"w":182,"h":190},"anchor":{"x":0.5,"y":0.5},"shape":{"type":"rect","top":95,"bottom":95,"left":91,"right":91}},"Button_47@frame0":{"frame":{"x":185,"y":193,"w":182,"h":191},"rotated":false,"trimmed":false,"spriteSourceSize":{"x":0,"y":0,"w":182,"h":191},"sourceSize":{"w":182,"h":191},"anchor":{"x":0,"y":0},"shape":{"type":"rect","top":0,"bottom":191,"left":0,"right":182}},"Button_63@frame0":{"frame":{"x":1,"y":385,"w":182,"h":191},"rotated":false,"trimmed":false,"spriteSourceSize":{"x":0,"y":0,"w":182,"h":191},"sourceSize":{"w":182,"h":191},"anchor":{"x":0,"y":0},"shape":{"type":"rect","top":0,"bottom":191,"left":0,"right":182}},"Button_72@frame0":{"frame":{"x":1,"y":578,"w":182,"h":191},"rotated":false,"trimmed":false,"spriteSourceSize":{"x":0,"y":0,"w":182,"h":191},"sourceSize":{"w":182,"h":191},"anchor":{"x":0.5,"y":0.4973821989528796},"shape":{"type":"rect","top":95,"bottom":96,"left":91,"right":91}},"Desain_tanpa_judul_(17)@frame0":{"frame":{"x":185,"y":386,"w":717,"h":476},"rotated":false,"trimmed":false,"spriteSourceSize":{"x":0,"y":0,"w":717,"h":476},"sourceSize":{"w":717,"h":476},"anchor":{"x":0,"y":0},"shape":{"type":"rect","top":0,"bottom":1080,"left":0,"right":1920}},"Fence@frame0":{"frame":{"x":1,"y":864,"w":128,"h":128},"rotated":false,"trimmed":false,"spriteSourceSize":{"x":0,"y":0,"w":128,"h":128},"sourceSize":{"w":128,"h":128},"anchor":{"x":0,"y":0},"shape":{"type":"rect","top":0,"bottom":128,"left":0,"right":128}},"MainPlayerIdle@frame0":{"frame":{"x":904,"y":1,"w":96,"h":215},"rotated":false,"trimmed":false,"spriteSourceSize":{"x":0,"y":0,"w":96,"h":215},"sourceSize":{"w":96,"h":215},"anchor":{"x":0.5,"y":0.49767441860465117},"shape":{"type":"rect","top":106,"bottom":108,"left":35,"right":33}},"MainPlayerWalking@frame0":{"frame":{"x":904,"y":218,"w":84,"h":214},"rotated":false,"trimmed":false,"spriteSourceSize":{"x":0,"y":0,"w":84,"h":214},"sourceSize":{"w":84,"h":214},"anchor":{"x":0.5238095238095238,"y":0.8177570093457944},"shape":{"type":"rect","top":168,"bottom":39,"left":36,"right":36}},"MainPlayerWalking@frame1":{"frame":{"x":904,"y":434,"w":84,"h":214},"rotated":false,"trimmed":false,"spriteSourceSize":{"x":0,"y":0,"w":84,"h":214},"sourceSize":{"w":84,"h":214},"anchor":{"x":0.5238095238095238,"y":0.8177570093457944},"shape":{"type":"rect","top":168,"bottom":39,"left":36,"right":36}},"MainPlayerWalking@frame2":{"frame":{"x":904,"y":650,"w":84,"h":214},"rotated":false,"trimmed":false,"spriteSourceSize":{"x":0,"y":0,"w":84,"h":214},"sourceSize":{"w":84,"h":214},"anchor":{"x":0.5238095238095238,"y":0.8177570093457944},"shape":{"type":"rect","top":168,"bottom":39,"left":36,"right":36}},"MaximiseMinimise@frame0":{"frame":{"x":131,"y":771,"w":48,"h":48},"rotated":false,"trimmed":false,"spriteSourceSize":{"x":0,"y":0,"w":48,"h":48},"sourceSize":{"w":48,"h":48},"anchor":{"x":0.5,"y":0.5},"shape":{"type":"rect","top":24,"bottom":24,"left":24,"right":24}},"MaximiseMinimise@frame1":{"frame":{"x":131,"y":821,"w":48,"h":48},"rotated":false,"trimmed":false,"spriteSourceSize":{"x":0,"y":0,"w":48,"h":48},"sourceSize":{"w":48,"h":48},"anchor":{"x":0.5,"y":0.5},"shape":{"type":"rect","top":24,"bottom":24,"left":24,"right":24}},"Meteor_Brown_Big_01@frame0":{"frame":{"x":1,"y":771,"w":101,"h":84},"rotated":false,"trimmed":false,"spriteSourceSize":{"x":0,"y":0,"w":101,"h":84},"sourceSize":{"w":101,"h":84},"anchor":{"x":0,"y":0},"shape":{"type":"rect","top":0,"bottom":84,"left":0,"right":101}},"Meteor_Brown_Big_02@frame0":{"frame":{"x":131,"y":871,"w":120,"h":98},"rotated":false,"trimmed":false,"spriteSourceSize":{"x":0,"y":0,"w":120,"h":98},"sourceSize":{"w":120,"h":98},"anchor":{"x":0,"y":0},"shape":{"type":"rect","top":0,"bottom":98,"left":0,"right":120}},"Meteor_Brown_Big_04@frame0":{"frame":{"x":253,"y":866,"w":98,"h":96},"rotated":false,"trimmed":false,"spriteSourceSize":{"x":0,"y":0,"w":98,"h":96},"sourceSize":{"w":98,"h":96},"anchor":{"x":0,"y":0},"shape":{"type":"rect","top":0,"bottom":96,"left":0,"right":98}},"Meteor_Grey_Big_03@frame0":{"frame":{"x":353,"y":866,"w":89,"h":82},"rotated":false,"trimmed":false,"spriteSourceSize":{"x":0,"y":0,"w":89,"h":82},"sourceSize":{"w":89,"h":82},"anchor":{"x":0,"y":0},"shape":{"type":"rect","top":0,"bottom":82,"left":0,"right":89}},"OnlymaskSprite@frame0":{"frame":{"x":369,"y":1,"w":155,"h":263},"rotated":false,"trimmed":false,"spriteSourceSize":{"x":0,"y":0,"w":155,"h":263},"sourceSize":{"w":155,"h":263},"anchor":{"x":0.49032258064516127,"y":0.5247148288973384},"shape":{"type":"rect","top":78,"bottom":124,"left":54,"right":48}},"OnlymaskSprite@frame1":{"frame":{"x":526,"y":1,"w":155,"h":263},"rotated":false,"trimmed":false,"spriteSourceSize":{"x":0,"y":0,"w":155,"h":263},"sourceSize":{"w":155,"h":263},"anchor":{"x":0.49032258064516127,"y":0.5247148288973384},"shape":{"type":"rect","top":78,"bottom":124,"left":54,"right":48}},"OnlymaskSprite@frame2":{"frame":{"x":683,"y":1,"w":155,"h":263},"rotated":false,"trimmed":false,"spriteSourceSize":{"x":0,"y":0,"w":155,"h":263},"sourceSize":{"w":155,"h":263},"anchor":{"x":0.49032258064516127,"y":0.5247148288973384},"shape":{"type":"rect","top":78,"bottom":124,"left":54,"right":48}},"OnlymaskSprite@frame3":{"frame":{"x":444,"y":864,"w":155,"h":263},"rotated":false,"trimmed":false,"spriteSourceSize":{"x":0,"y":0,"w":155,"h":263},"sourceSize":{"w":155,"h":263},"anchor":{"x":0.49032258064516127,"y":0.5247148288973384},"shape":{"type":"rect","top":78,"bottom":124,"left":54,"right":48}},"OnlymaskSprite@frame4":{"frame":{"x":253,"y":964,"w":155,"h":263},"rotated":false,"trimmed":false,"spriteSourceSize":{"x":0,"y":0,"w":155,"h":263},"sourceSize":{"w":155,"h":263},"anchor":{"x":0.49032258064516127,"y":0.5247148288973384},"shape":{"type":"rect","top":78,"bottom":124,"left":54,"right":48}},"OnlymaskSprite@frame5":{"frame":{"x":1,"y":994,"w":155,"h":263},"rotated":false,"trimmed":false,"spriteSourceSize":{"x":0,"y":0,"w":155,"h":263},"sourceSize":{"w":155,"h":263},"anchor":{"x":0.49032258064516127,"y":0.5247148288973384},"shape":{"type":"rect","top":78,"bottom":124,"left":54,"right":48}},"OnlymaskSprite@frame6":{"frame":{"x":601,"y":864,"w":155,"h":263},"rotated":false,"trimmed":false,"spriteSourceSize":{"x":0,"y":0,"w":155,"h":263},"sourceSize":{"w":155,"h":263},"anchor":{"x":0.49032258064516127,"y":0.5247148288973384},"shape":{"type":"rect","top":78,"bottom":124,"left":54,"right":48}},"PlatformPack_Tile34@frame0":{"frame":{"x":158,"y":971,"w":64,"h":64},"rotated":false,"trimmed":false,"spriteSourceSize":{"x":0,"y":0,"w":64,"h":64},"sourceSize":{"w":64,"h":64},"anchor":{"x":0,"y":0},"shape":{"type":"rect","top":0,"bottom":64,"left":0,"right":64}},"Player@frame0":{"frame":{"x":369,"y":266,"w":72,"h":97},"rotated":false,"trimmed":false,"spriteSourceSize":{"x":0,"y":0,"w":72,"h":97},"sourceSize":{"w":72,"h":97},"anchor":{"x":0.5,"y":0.9896907216494846},"shape":{"type":"rect","top":94,"bottom":0,"left":24,"right":24}},"Player@frame1":{"frame":{"x":158,"y":1037,"w":72,"h":97},"rotated":false,"trimmed":false,"spriteSourceSize":{"x":0,"y":0,"w":72,"h":97},"sourceSize":{"w":72,"h":97},"anchor":{"x":0.5,"y":0.9896907216494846},"shape":{"type":"rect","top":94,"bottom":0,"left":24,"right":24}},"Player@frame2":{"frame":{"x":443,"y":266,"w":72,"h":97},"rotated":false,"trimmed":false,"spriteSourceSize":{"x":0,"y":0,"w":72,"h":97},"sourceSize":{"w":72,"h":97},"anchor":{"x":0.5,"y":0.9896907216494846},"shape":{"type":"rect","top":94,"bottom":0,"left":24,"right":24}},"Player@frame3":{"frame":{"x":158,"y":1136,"w":72,"h":97},"rotated":false,"trimmed":false,"spriteSourceSize":{"x":0,"y":0,"w":72,"h":97},"sourceSize":{"w":72,"h":97},"anchor":{"x":0.5,"y":0.9896907216494846},"shape":{"type":"rect","top":94,"bottom":0,"left":24,"right":24}},"Player@frame4":{"frame":{"x":517,"y":266,"w":72,"h":97},"rotated":false,"trimmed":false,"spriteSourceSize":{"x":0,"y":0,"w":72,"h":97},"sourceSize":{"w":72,"h":97},"anchor":{"x":0.5,"y":0.9896907216494846},"shape":{"type":"rect","top":94,"bottom":0,"left":24,"right":24}},"Player@frame5":{"frame":{"x":591,"y":266,"w":72,"h":97},"rotated":false,"trimmed":false,"spriteSourceSize":{"x":0,"y":0,"w":72,"h":97},"sourceSize":{"w":72,"h":97},"anchor":{"x":0.5,"y":0.9896907216494846},"shape":{"type":"rect","top":94,"bottom":0,"left":24,"right":24}},"Player@frame6":{"frame":{"x":665,"y":266,"w":72,"h":97},"rotated":false,"trimmed":false,"spriteSourceSize":{"x":0,"y":0,"w":72,"h":97},"sourceSize":{"w":72,"h":97},"anchor":{"x":0.5,"y":0.9896907216494846},"shape":{"type":"rect","top":94,"bottom":0,"left":24,"right":24}},"Player@frame7":{"frame":{"x":739,"y":266,"w":72,"h":97},"rotated":false,"trimmed":false,"spriteSourceSize":{"x":0,"y":0,"w":72,"h":97},"sourceSize":{"w":72,"h":97},"anchor":{"x":0.5,"y":0.9896907216494846},"shape":{"type":"rect","top":94,"bottom":0,"left":24,"right":24}},"Player@frame8":{"frame":{"x":813,"y":266,"w":72,"h":97},"rotated":false,"trimmed":false,"spriteSourceSize":{"x":0,"y":0,"w":72,"h":97},"sourceSize":{"w":72,"h":97},"anchor":{"x":0.5,"y":0.9896907216494846},"shape":{"type":"rect","top":94,"bottom":0,"left":24,"right":24}},"Player@frame9":{"frame":{"x":758,"y":864,"w":72,"h":97},"rotated":false,"trimmed":false,"spriteSourceSize":{"x":0,"y":0,"w":72,"h":97},"sourceSize":{"w":72,"h":97},"anchor":{"x":0.5,"y":0.9896907216494846},"shape":{"type":"rect","top":94,"bottom":0,"left":24,"right":24}},"Player@frame10":{"frame":{"x":186,"y":1,"w":72,"h":97},"rotated":false,"trimmed":false,"spriteSourceSize":{"x":0,"y":0,"w":72,"h":97},"sourceSize":{"w":72,"h":97},"anchor":{"x":0.5,"y":0.9896907216494846},"shape":{"type":"rect","top":94,"bottom":0,"left":24,"right":24}},"Player@frame11":{"frame":{"x":260,"y":1,"w":72,"h":97},"rotated":false,"trimmed":false,"spriteSourceSize":{"x":0,"y":0,"w":72,"h":97},"sourceSize":{"w":72,"h":97},"anchor":{"x":0.5,"y":0.9896907216494846},"shape":{"type":"rect","top":94,"bottom":0,"left":24,"right":24}},"Player@frame12":{"frame":{"x":1,"y":1259,"w":72,"h":97},"rotated":false,"trimmed":false,"spriteSourceSize":{"x":0,"y":0,"w":72,"h":97},"sourceSize":{"w":72,"h":97},"anchor":{"x":0.5,"y":0.9896907216494846},"shape":{"type":"rect","top":94,"bottom":0,"left":24,"right":24}},"Player@frame13":{"frame":{"x":1,"y":1358,"w":72,"h":97},"rotated":false,"trimmed":false,"spriteSourceSize":{"x":0,"y":0,"w":72,"h":97},"sourceSize":{"w":72,"h":97},"anchor":{"x":0.5,"y":0.9896907216494846},"shape":{"type":"rect","top":94,"bottom":0,"left":24,"right":24}},"Player@frame14":{"frame":{"x":1,"y":1457,"w":72,"h":97},"rotated":false,"trimmed":false,"spriteSourceSize":{"x":0,"y":0,"w":72,"h":97},"sourceSize":{"w":72,"h":97},"anchor":{"x":0.5,"y":0.9896907216494846},"shape":{"type":"rect","top":94,"bottom":0,"left":24,"right":24}},"PlayerMaskSprite@frame0":{"frame":{"x":1,"y":1556,"w":153,"h":276},"rotated":false,"trimmed":false,"spriteSourceSize":{"x":0,"y":0,"w":153,"h":276},"sourceSize":{"w":153,"h":276},"anchor":{"x":0.38562091503267976,"y":0.3804347826086957},"shape":{"type":"rect","top":105,"bottom":171,"left":11,"right":37}},"PlayerMaskSprite@frame1":{"frame":{"x":75,"y":1259,"w":153,"h":276},"rotated":false,"trimmed":false,"spriteSourceSize":{"x":0,"y":0,"w":153,"h":276},"sourceSize":{"w":153,"h":276},"anchor":{"x":0.38562091503267976,"y":0.3804347826086957},"shape":{"type":"rect","top":105,"bottom":171,"left":11,"right":37}},"PlayerMaskSprite@frame2":{"frame":{"x":156,"y":1537,"w":153,"h":276},"rotated":false,"trimmed":false,"spriteSourceSize":{"x":0,"y":0,"w":153,"h":276},"sourceSize":{"w":153,"h":276},"anchor":{"x":0.38562091503267976,"y":0.3804347826086957},"shape":{"type":"rect","top":105,"bottom":171,"left":11,"right":37}},"PlayerMaskSprite@frame3":{"frame":{"x":230,"y":1235,"w":153,"h":276},"rotated":false,"trimmed":false,"spriteSourceSize":{"x":0,"y":0,"w":153,"h":276},"sourceSize":{"w":153,"h":276},"anchor":{"x":0.38562091503267976,"y":0.3804347826086957},"shape":{"type":"rect","top":105,"bottom":171,"left":11,"right":37}},"PlayerMaskSprite@frame4":{"frame":{"x":311,"y":1513,"w":153,"h":276},"rotated":false,"trimmed":false,"spriteSourceSize":{"x":0,"y":0,"w":153,"h":276},"sourceSize":{"w":153,"h":276},"anchor":{"x":0.38562091503267976,"y":0.3804347826086957},"shape":{"type":"rect","top":105,"bottom":171,"left":11,"right":37}},"PlayerSprite@frame0":{"frame":{"x":155,"y":1814,"w":91,"h":216},"rotated":false,"trimmed":false,"spriteSourceSize":{"x":0,"y":0,"w":91,"h":216},"sourceSize":{"w":91,"h":216},"anchor":{"x":0.4945054945054945,"y":0.5},"shape":{"type":"rect","top":96,"bottom":104,"left":31,"right":33}},"PlayerSprite@frame1":{"frame":{"x":246,"y":1814,"w":91,"h":216},"rotated":false,"trimmed":false,"spriteSourceSize":{"x":0,"y":0,"w":91,"h":216},"sourceSize":{"w":91,"h":216},"anchor":{"x":0.4945054945054945,"y":0.5},"shape":{"type":"rect","top":96,"bottom":104,"left":31,"right":33}},"PlayerSprite@frame2":{"frame":{"x":337,"y":1790,"w":91,"h":216},"rotated":false,"trimmed":false,"spriteSourceSize":{"x":0,"y":0,"w":91,"h":216},"sourceSize":{"w":91,"h":216},"anchor":{"x":0.4945054945054945,"y":0.5},"shape":{"type":"rect","top":96,"bottom":104,"left":31,"right":33}},"PlayerSprite@frame3":{"frame":{"x":428,"y":1790,"w":91,"h":216},"rotated":false,"trimmed":false,"spriteSourceSize":{"x":0,"y":0,"w":91,"h":216},"sourceSize":{"w":91,"h":216},"anchor":{"x":0.4945054945054945,"y":0.5},"shape":{"type":"rect","top":96,"bottom":104,"left":31,"right":33}},"PlayerSprite@frame4":{"frame":{"x":384,"y":1228,"w":91,"h":216},"rotated":false,"trimmed":false,"spriteSourceSize":{"x":0,"y":0,"w":91,"h":216},"sourceSize":{"w":91,"h":216},"anchor":{"x":0.4945054945054945,"y":0.5},"shape":{"type":"rect","top":96,"bottom":104,"left":31,"right":33}},"Rich@frame0":{"frame":{"x":476,"y":1129,"w":298,"h":464},"rotated":false,"trimmed":false,"spriteSourceSize":{"x":0,"y":0,"w":298,"h":464},"sourceSize":{"w":298,"h":464},"anchor":{"x":0.5,"y":0.5},"shape":{"type":"rect","top":232,"bottom":232,"left":149,"right":149}},"Slime@frame0":{"frame":{"x":840,"y":1,"w":51,"h":27},"rotated":false,"trimmed":false,"spriteSourceSize":{"x":0,"y":0,"w":51,"h":27},"sourceSize":{"w":51,"h":27},"anchor":{"x":0.49019607843137253,"y":1},"shape":{"type":"rect","top":28,"bottom":-1,"left":25,"right":26}},"Slime@frame1":{"frame":{"x":840,"y":30,"w":51,"h":27},"rotated":false,"trimmed":false,"spriteSourceSize":{"x":0,"y":0,"w":51,"h":27},"sourceSize":{"w":51,"h":27},"anchor":{"x":0.49019607843137253,"y":1},"shape":{"type":"rect","top":28,"bottom":-1,"left":25,"right":26}},"Spikes@frame0":{"frame":{"x":832,"y":864,"w":70,"h":70},"rotated":false,"trimmed":false,"spriteSourceSize":{"x":0,"y":0,"w":70,"h":70},"sourceSize":{"w":70,"h":70},"anchor":{"x":0,"y":0},"shape":{"type":"rect","top":-36,"bottom":70,"left":0,"right":70}},"TryAgain@frame0":{"frame":{"x":758,"y":963,"w":256,"h":85},"rotated":false,"trimmed":false,"spriteSourceSize":{"x":0,"y":0,"w":256,"h":85},"sourceSize":{"w":256,"h":85},"anchor":{"x":0.5,"y":0.49411764705882355},"shape":{"type":"rect","top":42,"bottom":43,"left":128,"right":128}},"a60jkowt8.webp@frame0":{"frame":{"x":520,"y":1595,"w":400,"h":280},"rotated":false,"trimmed":false,"spriteSourceSize":{"x":0,"y":0,"w":400,"h":280},"sourceSize":{"w":400,"h":280},"anchor":{"x":0,"y":0},"shape":{"type":"rect","top":0,"bottom":280,"left":0,"right":400}},"aliransungai@frame0":{"frame":{"x":520,"y":1877,"w":370,"h":145},"rotated":false,"trimmed":false,"spriteSourceSize":{"x":0,"y":0,"w":370,"h":145},"sourceSize":{"w":370,"h":145},"anchor":{"x":0,"y":0},"shape":{"type":"rect","top":0,"bottom":337,"left":0,"right":527}},"asap@frame0":{"frame":{"x":776,"y":1050,"w":634,"h":294},"rotated":false,"trimmed":false,"spriteSourceSize":{"x":0,"y":0,"w":634,"h":294},"sourceSize":{"w":634,"h":294},"anchor":{"x":0.45425867507886436,"y":0.48639455782312924},"shape":{"type":"rect","top":37,"bottom":37,"left":117,"right":217}},"bed@frame0":{"frame":{"x":1412,"y":1,"w":403,"h":350},"rotated":false,"trimmed":false,"spriteSourceSize":{"x":0,"y":0,"w":403,"h":350},"sourceSize":{"w":403,"h":350},"anchor":{"x":0.4739454094292804,"y":0.5742857142857143},"shape":{"type":"circle","r":144}},"boxAlt@frame0":{"frame":{"x":186,"y":100,"w":70,"h":70},"rotated":false,"trimmed":false,"spriteSourceSize":{"x":0,"y":0,"w":70,"h":70},"sourceSize":{"w":70,"h":70},"anchor":{"x":0,"y":0},"shape":{"type":"rect","top":0,"bottom":70,"left":0,"right":70}},"bridgeLogs@frame0":{"frame":{"x":258,"y":100,"w":70,"h":70},"rotated":false,"trimmed":false,"spriteSourceSize":{"x":0,"y":0,"w":70,"h":70},"sourceSize":{"w":70,"h":70},"anchor":{"x":0,"y":0.6428571428571429},"shape":{"type":"rect","top":0,"bottom":24,"left":0,"right":70}},"bringbox@frame0":{"frame":{"x":1412,"y":353,"w":503,"h":382},"rotated":false,"trimmed":false,"spriteSourceSize":{"x":0,"y":0,"w":503,"h":382},"sourceSize":{"w":503,"h":382},"anchor":{"x":0,"y":0},"shape":{"type":"rect","top":0,"bottom":382,"left":0,"right":503}},"btn_easy@frame0":{"frame":{"x":904,"y":866,"w":254,"h":74},"rotated":false,"trimmed":false,"spriteSourceSize":{"x":0,"y":0,"w":254,"h":74},"sourceSize":{"w":254,"h":74},"anchor":{"x":0,"y":0},"shape":{"type":"rect","top":0,"bottom":310,"left":0,"right":1061}},"btn_hard@frame0":{"frame":{"x":1016,"y":942,"w":254,"h":74},"rotated":false,"trimmed":false,"spriteSourceSize":{"x":0,"y":0,"w":254,"h":74},"sourceSize":{"w":254,"h":74},"anchor":{"x":0,"y":0},"shape":{"type":"rect","top":0,"bottom":74,"left":0,"right":254}},"btn_medium@frame0":{"frame":{"x":990,"y":737,"w":254,"h":74},"rotated":false,"trimmed":false,"spriteSourceSize":{"x":0,"y":0,"w":254,"h":74},"sourceSize":{"w":254,"h":74},"anchor":{"x":0,"y":0},"shape":{"type":"rect","top":0,"bottom":74,"left":0,"right":254}},"buttonJump@frame0":{"frame":{"x":1160,"y":813,"w":80,"h":80},"rotated":false,"trimmed":false,"spriteSourceSize":{"x":0,"y":0,"w":80,"h":80},"sourceSize":{"w":80,"h":80},"anchor":{"x":0.5,"y":0.5},"shape":{"type":"circle","r":40}},"buttonLeft@frame0":{"frame":{"x":1242,"y":813,"w":80,"h":80},"rotated":false,"trimmed":false,"spriteSourceSize":{"x":0,"y":0,"w":80,"h":80},"sourceSize":{"w":80,"h":80},"anchor":{"x":0.5,"y":0.5},"shape":{"type":"circle","r":40}},"buttonRight@frame0":{"frame":{"x":1324,"y":1,"w":80,"h":80},"rotated":false,"trimmed":false,"spriteSourceSize":{"x":0,"y":0,"w":80,"h":80},"sourceSize":{"w":80,"h":80},"anchor":{"x":0.5,"y":0.5},"shape":{"type":"circle","r":40}},"coinGold@frame0":{"frame":{"x":1246,"y":737,"w":70,"h":70},"rotated":false,"trimmed":false,"spriteSourceSize":{"x":0,"y":0,"w":70,"h":70},"sourceSize":{"w":70,"h":70},"anchor":{"x":0.5,"y":0.5142857142857142},"shape":{"type":"circle","r":17}},"fence@frame0":{"frame":{"x":1318,"y":737,"w":70,"h":70},"rotated":false,"trimmed":false,"spriteSourceSize":{"x":0,"y":0,"w":70,"h":70},"sourceSize":{"w":70,"h":70},"anchor":{"x":0,"y":0},"shape":{"type":"rect","top":0,"bottom":70,"left":0,"right":70}},"g1198@frame0":{"frame":{"x":1917,"y":1,"w":101,"h":278},"rotated":false,"trimmed":false,"spriteSourceSize":{"x":0,"y":0,"w":101,"h":278},"sourceSize":{"w":101,"h":278},"anchor":{"x":0.32673267326732675,"y":0.6115107913669064},"shape":{"type":"circle","r":48}},"g1198@frame1":{"frame":{"x":1917,"y":281,"w":101,"h":278},"rotated":false,"trimmed":false,"spriteSourceSize":{"x":0,"y":0,"w":101,"h":278},"sourceSize":{"w":101,"h":278},"anchor":{"x":0.32673267326732675,"y":0.6115107913669064},"shape":{"type":"circle","r":48}},"grass@frame0":{"frame":{"x":1817,"y":1,"w":70,"h":70},"rotated":false,"trimmed":false,"spriteSourceSize":{"x":0,"y":0,"w":70,"h":70},"sourceSize":{"w":70,"h":70},"anchor":{"x":0,"y":0},"shape":{"type":"rect","top":0,"bottom":70,"left":0,"right":70}},"grass@frame1":{"frame":{"x":1817,"y":73,"w":70,"h":70},"rotated":false,"trimmed":false,"spriteSourceSize":{"x":0,"y":0,"w":70,"h":70},"sourceSize":{"w":70,"h":70},"anchor":{"x":0,"y":0},"shape":{"type":"rect","top":0,"bottom":70,"left":0,"right":70}},"grass@frame2":{"frame":{"x":1817,"y":145,"w":70,"h":70},"rotated":false,"trimmed":false,"spriteSourceSize":{"x":0,"y":0,"w":70,"h":70},"sourceSize":{"w":70,"h":70},"anchor":{"x":0,"y":0},"shape":{"type":"rect","top":0,"bottom":70,"left":0,"right":70}},"grass@frame3":{"frame":{"x":1817,"y":217,"w":70,"h":70},"rotated":false,"trimmed":false,"spriteSourceSize":{"x":0,"y":0,"w":70,"h":70},"sourceSize":{"w":70,"h":70},"anchor":{"x":0,"y":0},"shape":{"type":"rect","top":0,"bottom":70,"left":0,"right":70}},"grass@frame4":{"frame":{"x":1917,"y":561,"w":70,"h":70},"rotated":false,"trimmed":false,"spriteSourceSize":{"x":0,"y":0,"w":70,"h":70},"sourceSize":{"w":70,"h":70},"anchor":{"x":0,"y":0},"shape":{"type":"rect","top":0,"bottom":70,"left":0,"right":70}},"grass@frame5":{"frame":{"x":1917,"y":633,"w":70,"h":70},"rotated":false,"trimmed":false,"spriteSourceSize":{"x":0,"y":0,"w":70,"h":70},"sourceSize":{"w":70,"h":70},"anchor":{"x":0,"y":0},"shape":{"type":"rect","top":0,"bottom":70,"left":0,"right":70}},"grass@frame6":{"frame":{"x":1917,"y":705,"w":70,"h":70},"rotated":false,"trimmed":false,"spriteSourceSize":{"x":0,"y":0,"w":70,"h":70},"sourceSize":{"w":70,"h":70},"anchor":{"x":0,"y":0},"shape":{"type":"rect","top":0,"bottom":70,"left":0,"right":70}},"grass@frame7":{"frame":{"x":1,"y":1834,"w":70,"h":70},"rotated":false,"trimmed":false,"spriteSourceSize":{"x":0,"y":0,"w":70,"h":70},"sourceSize":{"w":70,"h":70},"anchor":{"x":0,"y":0},"shape":{"type":"rect","top":0,"bottom":70,"left":0,"right":70}},"grass@frame8":{"frame":{"x":73,"y":1834,"w":70,"h":70},"rotated":false,"trimmed":false,"spriteSourceSize":{"x":0,"y":0,"w":70,"h":70},"sourceSize":{"w":70,"h":70},"anchor":{"x":0,"y":0},"shape":{"type":"rect","top":0,"bottom":70,"left":0,"right":70}},"grass@frame9":{"frame":{"x":1,"y":1906,"w":70,"h":70},"rotated":false,"trimmed":false,"spriteSourceSize":{"x":0,"y":0,"w":70,"h":70},"sourceSize":{"w":70,"h":70},"anchor":{"x":0,"y":0},"shape":{"type":"rect","top":0,"bottom":70,"left":0,"right":70}},"grass@frame10":{"frame":{"x":73,"y":1906,"w":70,"h":70},"rotated":false,"trimmed":false,"spriteSourceSize":{"x":0,"y":0,"w":70,"h":70},"sourceSize":{"w":70,"h":70},"anchor":{"x":0,"y":0},"shape":{"type":"rect","top":0,"bottom":70,"left":0,"right":70}},"grass@frame11":{"frame":{"x":1272,"y":895,"w":70,"h":70},"rotated":false,"trimmed":false,"spriteSourceSize":{"x":0,"y":0,"w":70,"h":70},"sourceSize":{"w":70,"h":70},"anchor":{"x":0,"y":0},"shape":{"type":"rect","top":0,"bottom":70,"left":0,"right":70}},"grass@frame12":{"frame":{"x":1272,"y":967,"w":70,"h":70},"rotated":false,"trimmed":false,"spriteSourceSize":{"x":0,"y":0,"w":70,"h":70},"sourceSize":{"w":70,"h":70},"anchor":{"x":0,"y":0},"shape":{"type":"rect","top":0,"bottom":70,"left":0,"right":70}},"grass@frame13":{"frame":{"x":1324,"y":809,"w":70,"h":70},"rotated":false,"trimmed":false,"spriteSourceSize":{"x":0,"y":0,"w":70,"h":70},"sourceSize":{"w":70,"h":70},"anchor":{"x":0,"y":0},"shape":{"type":"rect","top":0,"bottom":70,"left":0,"right":70}},"grass@frame14":{"frame":{"x":1390,"y":737,"w":70,"h":70},"rotated":false,"trimmed":false,"spriteSourceSize":{"x":0,"y":0,"w":70,"h":70},"sourceSize":{"w":70,"h":70},"anchor":{"x":0,"y":0},"shape":{"type":"rect","top":0,"bottom":70,"left":0,"right":70}},"grass@frame15":{"frame":{"x":1344,"y":881,"w":70,"h":70},"rotated":false,"trimmed":false,"spriteSourceSize":{"x":0,"y":0,"w":70,"h":70},"sourceSize":{"w":70,"h":70},"anchor":{"x":0,"y":0},"shape":{"type":"rect","top":0,"bottom":70,"left":0,"right":70}},"greedyDeath@frame0":{"frame":{"x":1462,"y":737,"w":436,"h":434},"rotated":false,"trimmed":false,"spriteSourceSize":{"x":0,"y":0,"w":436,"h":434},"sourceSize":{"w":436,"h":434},"anchor":{"x":0.5,"y":0.5},"shape":{"type":"rect","top":217,"bottom":217,"left":218,"right":218}},"guitar@frame0":{"frame":{"x":1900,"y":777,"w":119,"h":314},"rotated":false,"trimmed":false,"spriteSourceSize":{"x":0,"y":0,"w":119,"h":314},"sourceSize":{"w":119,"h":314},"anchor":{"x":0,"y":0},"shape":{"type":"rect","top":0,"bottom":314,"left":0,"right":119}},"house@frame0":{"frame":{"x":922,"y":1346,"w":689,"h":459},"rotated":false,"trimmed":false,"spriteSourceSize":{"x":0,"y":0,"w":689,"h":459},"sourceSize":{"w":689,"h":459},"anchor":{"x":0.3875181422351234,"y":0.6862745098039216},"shape":{"type":"circle","r":35}},"hppowerbank@frame0":{"frame":{"x":1002,"y":1,"w":245,"h":258},"rotated":false,"trimmed":false,"spriteSourceSize":{"x":0,"y":0,"w":245,"h":258},"sourceSize":{"w":245,"h":258},"anchor":{"x":0.49795918367346936,"y":0.5},"shape":{"type":"circle","r":122}},"ib1dT5npFJkW6hG@frame0":{"frame":{"x":776,"y":1346,"w":126,"h":190},"rotated":false,"trimmed":false,"spriteSourceSize":{"x":0,"y":0,"w":126,"h":190},"sourceSize":{"w":126,"h":190},"anchor":{"x":0.5158730158730159,"y":0.7263157894736842},"shape":{"type":"circle","r":25}},"ib1dT5npFJkW6hG@frame1":{"frame":{"x":1900,"y":1093,"w":126,"h":190},"rotated":false,"trimmed":false,"spriteSourceSize":{"x":0,"y":0,"w":126,"h":190},"sourceSize":{"w":126,"h":190},"anchor":{"x":0.5158730158730159,"y":0.7263157894736842},"shape":{"type":"circle","r":25}},"ib1dT5npFJkW6hG@frame2":{"frame":{"x":1249,"y":83,"w":126,"h":190},"rotated":false,"trimmed":false,"spriteSourceSize":{"x":0,"y":0,"w":126,"h":190},"sourceSize":{"w":126,"h":190},"anchor":{"x":0.5158730158730159,"y":0.7263157894736842},"shape":{"type":"circle","r":25}},"ib1dT5npFJkW6hG@frame3":{"frame":{"x":922,"y":1807,"w":126,"h":190},"rotated":false,"trimmed":false,"spriteSourceSize":{"x":0,"y":0,"w":126,"h":190},"sourceSize":{"w":126,"h":190},"anchor":{"x":0.5158730158730159,"y":0.7263157894736842},"shape":{"type":"circle","r":25}},"ib1dT5npFJkW6hG@frame4":{"frame":{"x":1050,"y":1807,"w":126,"h":190},"rotated":false,"trimmed":false,"spriteSourceSize":{"x":0,"y":0,"w":126,"h":190},"sourceSize":{"w":126,"h":190},"anchor":{"x":0.5158730158730159,"y":0.7263157894736842},"shape":{"type":"circle","r":25}},"ib1dT5npFJkW6hG@frame5":{"frame":{"x":1178,"y":1807,"w":126,"h":190},"rotated":false,"trimmed":false,"spriteSourceSize":{"x":0,"y":0,"w":126,"h":190},"sourceSize":{"w":126,"h":190},"anchor":{"x":0.5158730158730159,"y":0.7263157894736842},"shape":{"type":"circle","r":25}},"image1-31@frame0":{"frame":{"x":990,"y":261,"w":218,"h":254},"rotated":false,"trimmed":false,"spriteSourceSize":{"x":0,"y":0,"w":218,"h":254},"sourceSize":{"w":218,"h":254},"anchor":{"x":0.5,"y":0.5},"shape":{"type":"circle","r":109}},"jendela@frame0":{"frame":{"x":1344,"y":953,"w":94,"h":77},"rotated":false,"trimmed":false,"spriteSourceSize":{"x":0,"y":0,"w":94,"h":77},"sourceSize":{"w":94,"h":77},"anchor":{"x":0.5,"y":0.4935064935064935},"shape":{"type":"rect","top":38,"bottom":39,"left":47,"right":47}},"lampu_meja@frame0":{"frame":{"x":1989,"y":561,"w":56,"h":102},"rotated":false,"trimmed":false,"spriteSourceSize":{"x":0,"y":0,"w":56,"h":102},"sourceSize":{"w":56,"h":102},"anchor":{"x":0.5,"y":0.5},"shape":{"type":"rect","top":51,"bottom":51,"left":28,"right":28}},"lantai@frame0":{"frame":{"x":840,"y":59,"w":62,"h":38},"rotated":false,"trimmed":false,"spriteSourceSize":{"x":0,"y":0,"w":62,"h":38},"sourceSize":{"w":62,"h":38},"anchor":{"x":0.5,"y":0.5},"shape":{"type":"rect","top":19,"bottom":19,"left":31,"right":31}},"lemari@frame0":{"frame":{"x":1613,"y":1173,"w":230,"h":388},"rotated":false,"trimmed":false,"spriteSourceSize":{"x":0,"y":0,"w":230,"h":388},"sourceSize":{"w":230,"h":388},"anchor":{"x":0,"y":0},"shape":{"type":"rect","top":0,"bottom":423,"left":0,"right":258}},"map@frame0":{"frame":{"x":1613,"y":1563,"w":344,"h":254},"rotated":false,"trimmed":false,"spriteSourceSize":{"x":0,"y":0,"w":344,"h":254},"sourceSize":{"w":344,"h":254},"anchor":{"x":0,"y":0},"shape":{"type":"rect","top":0,"bottom":254,"left":0,"right":344}},"meja@frame0":{"frame":{"x":1,"y":1978,"w":108,"h":57},"rotated":false,"trimmed":false,"spriteSourceSize":{"x":0,"y":0,"w":108,"h":57},"sourceSize":{"w":108,"h":57},"anchor":{"x":0.26851851851851855,"y":0.2631578947368421},"shape":{"type":"rect","top":15,"bottom":42,"left":29,"right":79}},"nenek@frame0":{"frame":{"x":1210,"y":275,"w":102,"h":289},"rotated":false,"trimmed":false,"spriteSourceSize":{"x":0,"y":0,"w":102,"h":289},"sourceSize":{"w":102,"h":289},"anchor":{"x":0,"y":0},"shape":{"type":"rect","top":0,"bottom":289,"left":0,"right":102}},"pintu@frame0":{"frame":{"x":1306,"y":1807,"w":152,"h":240},"rotated":false,"trimmed":false,"spriteSourceSize":{"x":0,"y":0,"w":152,"h":240},"sourceSize":{"w":152,"h":240},"anchor":{"x":0,"y":0},"shape":{"type":"rect","top":0,"bottom":240,"left":-30,"right":117}},"tree@frame0":{"frame":{"x":990,"y":566,"w":164,"h":164},"rotated":false,"trimmed":false,"spriteSourceSize":{"x":0,"y":0,"w":164,"h":164},"sourceSize":{"w":164,"h":164},"anchor":{"x":0.5,"y":0.5},"shape":{"type":"circle","r":82}},"tv@frame0":{"frame":{"x":1412,"y":1173,"w":185,"h":145},"rotated":false,"trimmed":false,"spriteSourceSize":{"x":0,"y":0,"w":185,"h":145},"sourceSize":{"w":185,"h":145},"anchor":{"x":0.518918918918919,"y":0.3793103448275862},"shape":{"type":"circle","r":10}}},"animations":{"Button_06":["Button_06@frame0"],"Button_23":["Button_23@frame0"],"Button_47":["Button_47@frame0"],"Button_63":["Button_63@frame0"],"Button_72":["Button_72@frame0"],"Desain_tanpa_judul_(17)":["Desain_tanpa_judul_(17)@frame0"],"Fence":["Fence@frame0"],"MainPlayerIdle":["MainPlayerIdle@frame0"],"MainPlayerWalking":["MainPlayerWalking@frame0","MainPlayerWalking@frame1","MainPlayerWalking@frame2"],"MaximiseMinimise":["MaximiseMinimise@frame0","MaximiseMinimise@frame1"],"Meteor_Brown_Big_01":["Meteor_Brown_Big_01@frame0"],"Meteor_Brown_Big_02":["Meteor_Brown_Big_02@frame0"],"Meteor_Brown_Big_04":["Meteor_Brown_Big_04@frame0"],"Meteor_Grey_Big_03":["Meteor_Grey_Big_03@frame0"],"OnlymaskSprite":["OnlymaskSprite@frame0","OnlymaskSprite@frame1","OnlymaskSprite@frame2","OnlymaskSprite@frame3","OnlymaskSprite@frame4","OnlymaskSprite@frame5","OnlymaskSprite@frame6"],"PlatformPack_Tile34":["PlatformPack_Tile34@frame0"],"Player":["Player@frame0","Player@frame1","Player@frame2","Player@frame3","Player@frame4","Player@frame5","Player@frame6","Player@frame7","Player@frame8","Player@frame9","Player@frame10","Player@frame11","Player@frame12","Player@frame13","Player@frame14"],"PlayerMaskSprite":["PlayerMaskSprite@frame0","PlayerMaskSprite@frame1","PlayerMaskSprite@frame2","PlayerMaskSprite@frame3","PlayerMaskSprite@frame4"],"PlayerSprite":["PlayerSprite@frame0","PlayerSprite@frame1","PlayerSprite@frame2","PlayerSprite@frame3","PlayerSprite@frame4"],"Rich":["Rich@frame0"],"Slime":["Slime@frame0","Slime@frame1"],"Spikes":["Spikes@frame0"],"TryAgain":["TryAgain@frame0"],"a60jkowt8.webp":["a60jkowt8.webp@frame0"],"aliransungai":["aliransungai@frame0"],"asap":["asap@frame0"],"bed":["bed@frame0"],"boxAlt":["boxAlt@frame0"],"bridgeLogs":["bridgeLogs@frame0"],"bringbox":["bringbox@frame0"],"btn_easy":["btn_easy@frame0"],"btn_hard":["btn_hard@frame0"],"btn_medium":["btn_medium@frame0"],"buttonJump":["buttonJump@frame0"],"buttonLeft":["buttonLeft@frame0"],"buttonRight":["buttonRight@frame0"],"coinGold":["coinGold@frame0"],"fence":["fence@frame0"],"g1198":["g1198@frame0","g1198@frame1"],"grass":["grass@frame0","grass@frame1","grass@frame2","grass@frame3","grass@frame4","grass@frame5","grass@frame6","grass@frame7","grass@frame8","grass@frame9","grass@frame10","grass@frame11","grass@frame12","grass@frame13","grass@frame14","grass@frame15"],"greedyDeath":["greedyDeath@frame0"],"guitar":["guitar@frame0"],"house":["house@frame0"],"hppowerbank":["hppowerbank@frame0"],"ib1dT5npFJkW6hG":["ib1dT5npFJkW6hG@frame0","ib1dT5npFJkW6hG@frame1","ib1dT5npFJkW6hG@frame2","ib1dT5npFJkW6hG@frame3","ib1dT5npFJkW6hG@frame4","ib1dT5npFJkW6hG@frame5"],"image1-31":["image1-31@frame0"],"jendela":["jendela@frame0"],"lampu_meja":["lampu_meja@frame0"],"lantai":["lantai@frame0"],"lemari":["lemari@frame0"],"map":["map@frame0"],"meja":["meja@frame0"],"nenek":["nenek@frame0"],"pintu":["pintu@frame0"],"tree":["tree@frame0"],"tv":["tv@frame0"]}}