{"meta":{"app":"https://ctjs.rocks/","version":"5.1.0","image":"a2.9366e94ea3.webp","format":"RGBA8888","size":{"w":2048,"h":2048},"scale":"1"},"frames":{"kitchenset@frame0":{"frame":{"x":1,"y":1,"w":499,"h":499},"rotated":false,"trimmed":false,"spriteSourceSize":{"x":0,"y":0,"w":499,"h":499},"sourceSize":{"w":499,"h":499},"anchor":{"x":0,"y":0},"shape":{"type":"rect","top":-40,"bottom":477,"left":-26,"right":476}},"lakbantangan@frame0":{"frame":{"x":502,"y":1,"w":1066,"h":734},"rotated":false,"trimmed":false,"spriteSourceSize":{"x":0,"y":0,"w":1066,"h":734},"sourceSize":{"w":1066,"h":734},"anchor":{"x":0,"y":0},"shape":{"type":"rect","top":0,"bottom":734,"left":0,"right":1066}},"pohon@frame0":{"frame":{"x":1,"y":737,"w":622,"h":535},"rotated":false,"trimmed":false,"spriteSourceSize":{"x":0,"y":0,"w":622,"h":535},"sourceSize":{"w":622,"h":535},"anchor":{"x":0,"y":0},"shape":{"type":"rect","top":0,"bottom":535,"left":0,"right":622}},"sungai@frame0":{"frame":{"x":1,"y":1274,"w":600,"h":477},"rotated":false,"trimmed":false,"spriteSourceSize":{"x":0,"y":0,"w":600,"h":477},"sourceSize":{"w":600,"h":477},"anchor":{"x":0,"y":0},"shape":{"type":"rect","top":0,"bottom":477,"left":0,"right":600}},"tenda@frame0":{"frame":{"x":1,"y":1753,"w":520,"h":280},"rotated":false,"trimmed":false,"spriteSourceSize":{"x":0,"y":0,"w":520,"h":280},"sourceSize":{"w":520,"h":280},"anchor":{"x":0.5,"y":0.5},"shape":{"type":"circle","r":50}}},"animations":{"kitchenset":["kitchenset@frame0"],"lakbantangan":["lakbantangan@frame0"],"pohon":["pohon@frame0"],"sungai":["sungai@frame0"],"tenda":["tenda@frame0"]}}