{"meta":{"app":"https://ctjs.rocks/","version":"5.1.0","image":"a3.d7330df535.webp","format":"RGBA8888","size":{"w":2376,"h":1914},"scale":"1"},"frames":{"api_png@frame0":{"frame":{"x":1,"y":1,"w":790,"h":636},"rotated":false,"trimmed":false,"spriteSourceSize":{"x":0,"y":0,"w":790,"h":636},"sourceSize":{"w":790,"h":636},"anchor":{"x":0,"y":0},"shape":{"type":"rect","top":0,"bottom":1910,"left":0,"right":2370}},"api_png@frame1":{"frame":{"x":1,"y":639,"w":790,"h":636},"rotated":false,"trimmed":false,"spriteSourceSize":{"x":0,"y":0,"w":790,"h":636},"sourceSize":{"w":790,"h":636},"anchor":{"x":0,"y":0},"shape":{"type":"rect","top":0,"bottom":1910,"left":0,"right":2370}},"api_png@frame2":{"frame":{"x":1,"y":1277,"w":790,"h":636},"rotated":false,"trimmed":false,"spriteSourceSize":{"x":0,"y":0,"w":790,"h":636},"sourceSize":{"w":790,"h":636},"anchor":{"x":0,"y":0},"shape":{"type":"rect","top":0,"bottom":1910,"left":0,"right":2370}},"api_png@frame3":{"frame":{"x":793,"y":1,"w":790,"h":636},"rotated":false,"trimmed":false,"spriteSourceSize":{"x":0,"y":0,"w":790,"h":636},"sourceSize":{"w":790,"h":636},"anchor":{"x":0,"y":0},"shape":{"type":"rect","top":0,"bottom":1910,"left":0,"right":2370}},"api_png@frame4":{"frame":{"x":1585,"y":1,"w":790,"h":636},"rotated":false,"trimmed":false,"spriteSourceSize":{"x":0,"y":0,"w":790,"h":636},"sourceSize":{"w":790,"h":636},"anchor":{"x":0,"y":0},"shape":{"type":"rect","top":0,"bottom":1910,"left":0,"right":2370}},"api_png@frame5":{"frame":{"x":793,"y":639,"w":790,"h":636},"rotated":false,"trimmed":false,"spriteSourceSize":{"x":0,"y":0,"w":790,"h":636},"sourceSize":{"w":790,"h":636},"anchor":{"x":0,"y":0},"shape":{"type":"rect","top":0,"bottom":1910,"left":0,"right":2370}},"api_png@frame6":{"frame":{"x":793,"y":1277,"w":790,"h":636},"rotated":false,"trimmed":false,"spriteSourceSize":{"x":0,"y":0,"w":790,"h":636},"sourceSize":{"w":790,"h":636},"anchor":{"x":0,"y":0},"shape":{"type":"rect","top":0,"bottom":1910,"left":0,"right":2370}},"api_png@frame7":{"frame":{"x":1585,"y":639,"w":790,"h":636},"rotated":false,"trimmed":false,"spriteSourceSize":{"x":0,"y":0,"w":790,"h":636},"sourceSize":{"w":790,"h":636},"anchor":{"x":0,"y":0},"shape":{"type":"rect","top":0,"bottom":1910,"left":0,"right":2370}},"api_png@frame8":{"frame":{"x":1585,"y":1277,"w":790,"h":636},"rotated":false,"trimmed":false,"spriteSourceSize":{"x":0,"y":0,"w":790,"h":636},"sourceSize":{"w":790,"h":636},"anchor":{"x":0,"y":0},"shape":{"type":"rect","top":0,"bottom":1910,"left":0,"right":2370}}},"animations":{"api_png":["api_png@frame0","api_png@frame1","api_png@frame2","api_png@frame3","api_png@frame4","api_png@frame5","api_png@frame6","api_png@frame7","api_png@frame8"]}}
